{"descriptor": {"resolvers": [[[4822, 634], [0.16470588235294117, 0.16470588235294117, 0.16470588235294117]], [[4474, 606], [0.0, 0.0, 0.0]], [[6113, 1544], [0.16470588235294117, 0.7490196078431373, 0.01568627450980392]], [[6170, 1525], [1.0, 0.4470588235294118, 0.023529411764705882]], [[6219, 1528], [0.00392156862745098, 0.611764705882353, 1.0]], [[4917, 907], [1.0, 0.8352941176470589, 0.0]], [[4649, 1452], [0.3686274509803922, 1.0, 0.21568627450980393]], [[5843, 1179], [0.25882352941176473, 0.27058823529411763, 0.3607843137254902]], [[5805, 1480], [1.0, 1.0, 1.0]], [[4492, 681], [1.0, 1.0, 1.0]], [[5012, 851], [0.8392156862745098, 0.3764705882352941, 0.27450980392156865]]], "pick_delay": 2.553222466027364, "expected_pick": [[5298, 985], [0.803921568627451, 0.33725490196078434, 0.16862745098039217]], "colormodel": "rgb", "scalars": [], "variance": 0.1, "version": "0.1.1"}, "encounters": []}