{"descriptor": {"resolvers": [[[4822, 634], [0.16470588235294117, 0.16470588235294117, 0.16470588235294117]], [[4474, 606], [0.0, 0.0, 0.0]], [[6113, 1544], [0.16470588235294117, 0.7490196078431373, 0.01568627450980392]], [[6170, 1525], [1.0, 0.4470588235294118, 0.023529411764705882]], [[6219, 1528], [0.00392156862745098, 0.611764705882353, 1.0]], [[4917, 907], [1.0, 0.8352941176470589, 0.0]], [[4649, 1452], [0.3686274509803922, 1.0, 0.21568627450980393]], [[5843, 1179], [0.25882352941176473, 0.27058823529411763, 0.3607843137254902]], [[5805, 1480], [1.0, 1.0, 1.0]], [[4492, 681], [1.0, 1.0, 1.0]], [[5012, 851], [0.8392156862745098, 0.3764705882352941, 0.27450980392156865]]], "pick_delay": 2.553222466027364, "expected_pick": [[5298, 985], [0.803921568627451, 0.33725490196078434, 0.16862745098039217]], "colormodel": "rgb", "scalars": [], "variance": 0.1, "version": "0.1.1"}, "encounters": [{"encounter": 0, "time": "20220520-083637", "resolvers": [[0.7647058823529411, 0.803921568627451, 0.4470588235294118], [0.0, 0.0, 0.0], [0.16470588235294117, 0.7490196078431373, 0.01568627450980392], [1.0, 0.4470588235294118, 0.023529411764705882], [0.00392156862745098, 0.611764705882353, 1.0], [1.0, 0.7294117647058823, 0.0], [0.25098039215686274, 0.7529411764705882, 0.13725490196078433], [0.6784313725490196, 0.33725490196078434, 0.1568627450980392], [1.0, 1.0, 1.0], [0.0, 0.0, 0.0], [0.34509803921568627, 0.4392156862745098, 0.29411764705882354]], "pick": [0.788235294117647, 0.33725490196078434, 0.16470588235294117]}, {"encounter": 1, "time": "20220520-083828", "resolvers": [[0.17254901960784313, 0.45098039215686275, 0.5137254901960784], [0.03137254901960784, 0.06666666666666667, 0.058823529411764705], [0.16470588235294117, 0.7490196078431373, 0.01568627450980392], [1.0, 0.4470588235294118, 0.023529411764705882], [0.00392156862745098, 0.611764705882353, 1.0], [0.9803921568627451, 0.6980392156862745, 0.0], [0.22745098039215686, 0.6705882352941176, 0.12549019607843137], [0.22745098039215686, 0.23921568627450981, 0.3058823529411765], [0.792156862745098, 0.8274509803921568, 0.8274509803921568], [0.0, 0.0, 0.0], [0.8509803921568627, 0.3764705882352941, 0.28627450980392155]], "pick": [0.788235294117647, 0.3411764705882353, 0.16862745098039217]}, {"encounter": 2, "time": "20220520-083946", "resolvers": [[0.1568627450980392, 0.42745098039215684, 0.48627450980392156], [0.09019607843137255, 0.054901960784313725, 0.00392156862745098], [0.0, 0.0, 0.0], [1.0, 0.4470588235294118, 0.023529411764705882], [0.00392156862745098, 0.611764705882353, 1.0], [0.8980392156862745, 0.6470588235294118, 0.0], [0.33725490196078434, 0.9607843137254902, 0.1843137254901961], [0.6274509803921569, 0.2980392156862745, 0.12549019607843137], [0.803921568627451, 0.8196078431372549, 0.8235294117647058], [0.3333333333333333, 0.32941176470588235, 0.2784313725490196], [0.8117647058823529, 0.3607843137254902, 0.2784313725490196]], "pick": [0.788235294117647, 0.33725490196078434, 0.1803921568627451]}, {"encounter": 3, "time": "20220520-084104", "resolvers": [[0.16470588235294117, 0.19607843137254902, 0.13333333333333333], [0.0392156862745098, 0.050980392156862744, 0.011764705882352941], [0.0, 0.0, 0.0], [1.0, 0.4470588235294118, 0.023529411764705882], [0.00392156862745098, 0.611764705882353, 1.0], [1.0, 0.7490196078431373, 0.0], [0.3803921568627451, 1.0, 0.2235294117647059], [0.6078431372549019, 0.3058823529411765, 0.11764705882352941], [1.0, 1.0, 1.0], [0.0, 0.0, 0.0], [0.21568627450980393, 0.2980392156862745, 0.4666666666666667]], "pick": [0.792156862745098, 0.32941176470588235, 0.17647058823529413]}, {"encounter": 4, "time": "20220520-084222", "resolvers": [[0.07450980392156863, 0.1803921568627451, 0.2], [0.0, 0.00784313725490196, 0.0], [0.0, 0.0, 0.0], [1.0, 0.4470588235294118, 0.023529411764705882], [0.00392156862745098, 0.611764705882353, 1.0], [1.0, 0.7764705882352941, 0.0], [0.3254901960784314, 0.8980392156862745, 0.18823529411764706], [0.47058823529411764, 0.27058823529411763, 0.20392156862745098], [0.984313725490196, 0.6549019607843137, 0.4549019607843137], [0.0, 0.0, 0.0], [0.6549019607843137, 0.5843137254901961, 0.592156862745098]], "pick": [0.7803921568627451, 0.3333333333333333, 0.1607843137254902]}, {"encounter": 5, "time": "20220520-084338", "resolvers": [[0.14901960784313725, 0.4196078431372549, 0.49019607843137253], [0.01568627450980392, 0.06666666666666667, 0.054901960784313725], [0.09411764705882353, 0.7647058823529411, 0.0], [1.0, 0.4470588235294118, 0.023529411764705882], [0.00392156862745098, 0.611764705882353, 1.0], [1.0, 0.8117647058823529, 0.0], [0.3803921568627451, 1.0, 0.2235294117647059], [0.24705882352941178, 0.24705882352941178, 0.2901960784313726], [0.9764705882352941, 0.6509803921568628, 0.45098039215686275], [0.0, 0.0, 0.0], [0.8392156862745098, 0.37254901960784315, 0.2823529411764706]], "pick": [0.796078431372549, 0.32941176470588235, 0.1607843137254902]}, {"encounter": 6, "time": "20220520-084456", "resolvers": [[0.050980392156862744, 0.07058823529411765, 0.03137254901960784], [0.06274509803921569, 0.07450980392156863, 0.027450980392156862], [0.0, 0.0, 0.0], [1.0, 0.4470588235294118, 0.023529411764705882], [0.00392156862745098, 0.611764705882353, 1.0], [0.9803921568627451, 0.6980392156862745, 0.0], [0.23137254901960785, 0.6705882352941176, 0.12549019607843137], [0.5019607843137255, 0.2980392156862745, 0.1803921568627451], [1.0, 1.0, 1.0], [1.0, 1.0, 1.0], [0.807843137254902, 0.3686274509803922, 0.27450980392156865]], "pick": [0.788235294117647, 0.32941176470588235, 0.1607843137254902]}, {"encounter": 7, "time": "20220520-084616", "resolvers": [[0.10196078431372549, 0.12549019607843137, 0.07058823529411765], [0.03529411764705882, 0.07058823529411765, 0.06274509803921569], [0.0, 0.0, 0.0], [1.0, 0.4470588235294118, 0.023529411764705882], [0.00392156862745098, 0.611764705882353, 1.0], [0.9803921568627451, 0.6980392156862745, 0.0], [0.25098039215686274, 0.7529411764705882, 0.13725490196078433], [0.6901960784313725, 0.3411764705882353, 0.1568627450980392], [0.9450980392156862, 0.6196078431372549, 0.43137254901960786], [1.0, 1.0, 1.0], [0.5725490196078431, 0.5686274509803921, 0.596078431372549]], "pick": [0.8, 0.3215686274509804, 0.17254901960784313]}, {"encounter": 8, "time": "20220520-084732", "resolvers": [[0.16862745098039217, 0.2196078431372549, 0.16470588235294117], [0.0392156862745098, 0.06666666666666667, 0.06274509803921569], [0.0, 0.0, 0.0], [1.0, 0.4470588235294118, 0.023529411764705882], [0.00392156862745098, 0.611764705882353, 1.0], [0.8941176470588236, 0.6431372549019608, 0.0], [0.3333333333333333, 0.9686274509803922, 0.1843137254901961], [0.5647058823529412, 0.2901960784313726, 0.1450980392156863], [0.9686274509803922, 0.6431372549019608, 0.4470588235294118], [0.0, 0.0, 0.0], [0.6274509803921569, 0.3411764705882353, 0.2549019607843137]], "pick": [0.788235294117647, 0.32941176470588235, 0.1607843137254902]}, {"encounter": 9, "time": "20220520-084850", "resolvers": [[0.12156862745098039, 0.5254901960784314, 0.592156862745098], [0.20392156862745098, 0.12549019607843137, 0.03529411764705882], [0.0, 0.0, 0.0], [1.0, 0.4470588235294118, 0.023529411764705882], [0.00392156862745098, 0.611764705882353, 1.0], [1.0, 0.7764705882352941, 0.0], [0.23529411764705882, 0.6784313725490196, 0.12941176470588237], [0.4666666666666667, 0.2627450980392157, 0.20784313725490197], [1.0, 1.0, 1.0], [1.0, 1.0, 0.984313725490196], [0.8352941176470589, 0.37254901960784315, 0.27058823529411763]], "pick": [0.792156862745098, 0.32941176470588235, 0.1607843137254902]}, {"encounter": 10, "time": "20220520-085010",