{"descriptor": {"resolvers": [[[4822, 634], [0.16470588235294117, 0.16470588235294117, 0.16470588235294117]], [[4474, 606], [0.0, 0.0, 0.0]], [[6113, 1544], [0.16470588235294117, 0.7490196078431373, 0.01568627450980392]], [[6170, 1525], [1.0, 0.4470588235294118, 0.023529411764705882]], [[6219, 1528], [0.00392156862745098, 0.611764705882353, 1.0]], [[4917, 907], [1.0, 0.8352941176470589, 0.0]], [[4649, 1452], [0.3686274509803922, 1.0, 0.21568627450980393]], [[5843, 1179], [0.25882352941176473, 0.27058823529411763, 0.3607843137254902]], [[5805, 1480], [1.0, 1.0, 1.0]], [[4492, 681], [1.0, 1.0, 1.0]], [[5012, 851], [0.8392156862745098, 0.3764705882352941, 0.27450980392156865]]], "pick_delay": 2.553222466027364, "expected_pick": [[5298, 985], [0.803921568627451, 0.33725490196078434, 0.16862745098039217]], "colormodel": "rgb", "scalars": [], "variance": 0.1, "version": "0.1.1"}, "encounters": [{"encounter": 0, "time": "20220520-093433", "resolvers": [[0.17647058823529413, 0.21176470588235294, 0.21568627450980393], [0.07450980392156863, 0.054901960784313725, 0.043137254901960784], [0.17647058823529413, 0.7450980392156863, 0.0], [1.0, 0.4470588235294118, 0.023529411764705882], [0.00392156862745098, 0.611764705882353, 1.0], [0.9490196078431372, 0.6705882352941176, 0.0], [0.27058823529411763, 0.7529411764705882, 0.16862745098039217], [0.5568627450980392, 0.2901960784313726, 0.13333333333333333], [1.0, 1.0, 1.0], [0.0, 0.0, 0.0], [0.8196078431372549, 0.36470588235294116, 0.27450980392156865]], "pick": [0.792156862745098, 0.32941176470588235, 0.1607843137254902]}, {"encounter": 1, "time": "20220520-093603", "resolvers": [[0.20392156862745098, 0.30980392156862746, 0.3137254901960784], [0.01568627450980392, 0.00392156862745098, 0.0], [0.0, 0.0, 0.0], [1.0, 0.4470588235294118, 0.023529411764705882], [0.00392156862745098, 0.611764705882353, 1.0], [0.9490196078431372, 0.6705882352941176, 0.0], [0.2235294117647059, 0.6745098039215687, 0.12549019607843137], [0.23137254901960785, 0.24313725490196078, 0.2823529411764706], [1.0, 1.0, 1.0], [0.6431372549019608, 0.3764705882352941, 0.1803921568627451], [0.6745098039215687, 0.592156862745098, 0.6196078431372549]], "pick": [0.803921568627451, 0.3254901960784314, 0.16862745098039217]}, {"encounter": 2, "time": "20220520-093659", "resolvers": [[0.08235294117647059, 0.10196078431372549, 0.06274509803921569], [0.27450980392156865, 0.1568627450980392, 0.03529411764705882], [0.16470588235294117, 0.7490196078431373, 0.01568627450980392], [1.0, 0.4470588235294118, 0.023529411764705882], [0.00392156862745098, 0.611764705882353, 1.0], [0.8588235294117647, 0.611764705882353, 0.0], [0.3215686274509804, 0.9647058823529412, 0.1843137254901961], [0.2235294117647059, 0.23921568627450981, 0.2823529411764706], [0.9372549019607843, 0.615686274509804, 0.42745098039215684], [1.0, 1.0, 1.0], [0.8313725490196079, 0.3686274509803922, 0.27058823529411763]], "pick": [0.788235294117647, 0.3176470588235294, 0.1568627450980392]}, {"encounter": 3, "time": "20220520-093756", "resolvers": [[0.10980392156862745, 0.13725490196078433, 0.10588235294117647], [0.1843137254901961, 0.10980392156862745, 0.0196078431372549], [0.1568627450980392, 0.7490196078431373, 0.023529411764705882], [1.0, 0.4470588235294118, 0.023529411764705882], [0.00392156862745098, 0.611764705882353, 1.0], [0.9882352941176471, 0.7019607843137254, 0.0], [0.22745098039215686, 0.6705882352941176, 0.12549019607843137], [0.2823529411764706, 0.23921568627450981, 0.2627450980392157], [0.9725490196078431, 0.6509803921568628, 0.4588235294117647], [0.0, 0.0, 0.0], [0.8, 0.3607843137254902, 0.2823529411764706]], "pick": [0.8, 0.3333333333333333, 0.16470588235294117]}, {"encounter": 4, "time": "20220520-093855", "resolvers": [[0.2549019607843137, 0.5176470588235295, 0.5647058823529412], [0.0, 0.0, 0.0], [0.16470588235294117, 0.7490196078431373, 0.01568627450980392], [1.0, 0.4470588235294118, 0.023529411764705882], [0.00392156862745098, 0.611764705882353, 1.0], [0.9882352941176471, 0.7019607843137254, 0.0], [0.3764705882352941, 1.0, 0.20392156862745098], [0.2235294117647059, 0.23529411764705882, 0.29411764705882354], [0.8117647058823529, 0.8352941176470589, 0.8392156862745098], [1.0, 1.0, 0.9764705882352941], [0.5568627450980392, 0.5647058823529412, 0.5725490196078431]], "pick": [0.803921568627451, 0.3254901960784314, 0.1607843137254902]}, {"encounter": 5, "time": "20220520-093951", "resolvers": [[0.10588235294117647, 0.12549019607843137, 0.09411764705882353], [0.0, 0.0, 0.0], [0.17647058823529413, 0.7450980392156863, 0.0], [1.0, 0.4470588235294118, 0.023529411764705882], [0.00392156862745098, 0.611764705882353, 1.0], [1.0, 0.7764705882352941, 0.0], [0.3764705882352941, 1.0, 0.20392156862745098], [0.5882352941176471, 0.2823529411764706, 0.12549019607843137], [0.9647058823529412, 0.6392156862745098, 0.4470588235294118], [0.6470588235294118, 0.3686274509803922, 0.1843137254901961], [0.5686274509803921, 0.5843137254901961, 0.6]], "pick": [0.788235294117647, 0.33725490196078434, 0.16470588235294117]}, {"encounter": 6, "time": "20220520-094050", "resolvers": [[0.17647058823529413, 0.4627450980392157, 0.5137254901960784], [0.0, 0.0, 0.0], [0.0, 0.0, 0.0], [1.0, 0.4470588235294118, 0.023529411764705882], [0.00392156862745098, 0.611764705882353, 1.0], [0.9490196078431372, 0.6705882352941176, 0.0], [0.28627450980392155, 0.8196078431372549, 0.14901960784313725], [0.5607843137254902, 0.29411764705882354, 0.13725490196078433], [1.0, 1.0, 1.0], [1.0, 1.0, 1.0], [0.5529411764705883, 0.5529411764705883, 0.5725490196078431]], "pick": [0.788235294117647, 0.32941176470588235, 0.1607843137254902]}, {"encounter": 7, "time": "20220520-094146", "resolvers": [[0.09803921568627451, 0.12156862745098039, 0.08235294117647059], [0.3333333333333333, 0.19215686274509805, 0.054901960784313725], [0.1450980392156863, 0.7450980392156863, 0.0], [1.0, 0.4470588235294118, 0.023529411764705882], [0.00392156862745098, 0.611764705882353, 1.0], [1.0, 0.7294117647058823, 0.0], [0.23137254901960785, 0.6705882352941176, 0.12549019607843137], [0.6313725490196078, 0.29411764705882354, 0.14901960784313725], [1.0, 1.0, 1.0], [0.6431372549019608, 0.3686274509803922, 0.17254901960784313], [0.5764705882352941, 0.5843137254901961, 0.6078431372549019]], "pick": [0.788235294117647, 0.3176470588235294, 0.1568627450980392]}, {"encounter": 8, "time": "20220520-094244", "resolvers": [[0.13725490196078433, 0.23529411764705882, 0.23137254901960785], [0.0, 0.0, 0.0], [0.0, 0.0, 0.0], [1.0, 0.4470588235294118, 0.023529411764705882], [0.00392156862745098, 0.611764705882353, 1.0], [0.9803921568627451, 0.6980392156862745, 0.0], [0.19215686274509805, 0.6039215686274509, 0.09803921568627451], [0.2235294117647059, 0.23529411764705882, 0.2901960784313726], [0.8, 0.8274509803921568, 0.8274509803921568], [0.6392156862745098, 0.37254901960784315, 0.17647058823529413], [0.8392156862745098, 0.37254901960784315, 0.2823529411764706]], "pick": [0.792156862745098, 0.32941176470588235, 0.1607843137254902]}, {"encounter": 9, "time": "20220520-094340", "resolvers": [[0.16862745098039217, 0.16862745098039217, 0.16862745098039217], [0.054901960784313725, 0.043137254901960784, 0.0], [0.16470588235294117, 0.7490196078431373, 0.01568627450980392], [1.0, 0.4470588235294118, 0.023529411764705882], [0.00392156862745098, 0.611764705882353, 1.0], [1.0, 0.7294117647058823, 0.0], [0.3764705882352941, 1.0, 0.20392156862745098], [0.2196078431372549, 0.23529411764705882, 0.2901960784313726], [0.796078431372549, 0.8274509803921568, 0.8274509803921568], [1.0, 1.0, 0.984313725490196], [0.21176470588235294, 0.3058823529411765, 0.4627450980392157]], "pick": [0.22745098039215686, 0.2235294117647059, 0.22745098039215686]}]}