{"descriptor": {"resolvers": [[[4822, 634], [0.16470588235294117, 0.16470588235294117, 0.16470588235294117]], [[4474, 606], [0.0, 0.0, 0.0]], [[6113, 1544], [0.16470588235294117, 0.7490196078431373, 0.01568627450980392]], [[6170, 1525], [1.0, 0.4470588235294118, 0.023529411764705882]], [[6219, 1528], [0.00392156862745098, 0.611764705882353, 1.0]], [[4917, 907], [1.0, 0.8352941176470589, 0.0]], [[4649, 1452], [0.3686274509803922, 1.0, 0.21568627450980393]], [[5843, 1179], [0.25882352941176473, 0.27058823529411763, 0.3607843137254902]], [[5805, 1480], [1.0, 1.0, 1.0]], [[4492, 681], [1.0, 1.0, 1.0]], [[5012, 851], [0.8392156862745098, 0.3764705882352941, 0.27450980392156865]]], "pick_delay": 2.553222466027364, "expected_pick": [[5298, 985], [0.803921568627451, 0.33725490196078434, 0.16862745098039217]], "colormodel": "rgb", "scalars": [], "variance": 0.1, "version": "0.1.1"}, "encounters": [{"encounter": 0, "time": "20220520-151614", "resolvers": [[0.1568627450980392, 0.22745098039215686, 0.2549019607843137], [0.03137254901960784, 0.050980392156862744, 0.0392156862745098], [0.0, 0.0, 0.0], [1.0, 0.4392156862745098, 0.023529411764705882], [0.00392156862745098, 0.615686274509804, 1.0], [1.0, 0.7294117647058823, 0.0], [0.36470588235294116, 1.0, 0.19607843137254902], [0.7215686274509804, 0.37254901960784315, 0.2], [0.9764705882352941, 0.6470588235294118, 0.4470588235294118], [0.6509803921568628, 0.36470588235294116, 0.17254901960784313], [0.8392156862745098, 0.3568627450980392, 0.2627450980392157]], "pick": [0.8, 0.3137254901960784, 0.16470588235294117]}, {"encounter": 1, "time": "20220520-151918", "resolvers": [[0.03137254901960784, 0.050980392156862744, 0.0196078431372549], [0.0, 0.0, 0.0], [0.1411764705882353, 0.7568627450980392, 0.0], [1.0, 0.4392156862745098, 0.023529411764705882], [0.00392156862745098, 0.615686274509804, 1.0], [1.0, 0.7294117647058823, 0.0], [0.2784313725490196, 0.8235294117647058, 0.1450980392156863], [0.25882352941176473, 0.24313725490196078, 0.30196078431372547], [1.0, 1.0, 1.0], [0.0, 0.0, 0.0], [0.2, 0.2901960784313726, 0.4588235294117647]], "pick": [0.807843137254902, 0.3215686274509804, 0.17647058823529413]}, {"encounter": 2, "time": "20220520-152017", "resolvers": [[0.19215686274509805, 0.20392156862745098, 0.19215686274509805], [0.0, 0.0, 0.0], [0.0, 0.0, 0.0], [1.0, 0.4392156862745098, 0.023529411764705882], [0.00392156862745098, 0.615686274509804, 1.0], [1.0, 0.7294117647058823, 0.0], [0.25098039215686274, 0.7529411764705882, 0.12941176470588237], [0.5725490196078431, 0.2823529411764706, 0.14901960784313725], [0.8, 0.8313725490196079, 0.8431372549019608], [0.6431372549019608, 0.36470588235294116, 0.17254901960784313], [0.5647058823529412, 0.5529411764705883, 0.5803921568627451]], "pick": [0.796078431372549, 0.3215686274509804, 0.1607843137254902]}, {"encounter": 3, "time": "20220520-152113", "resolvers": [[0.08627450980392157, 0.25882352941176473, 0.3176470588235294], [0.0, 0.0, 0.0], [0.0, 0.0, 0.0], [1.0, 0.4392156862745098, 0.023529411764705882], [0.00392156862745098, 0.615686274509804, 1.0], [1.0, 0.8352941176470589, 0.0], [0.3137254901960784, 0.8980392156862745, 0.16470588235294117], [0.2235294117647059, 0.23529411764705882, 0.30196078431372547], [0.984313725490196, 0.6470588235294118, 0.4470588235294118], [0.0, 0.0, 0.0], [0.8431372549019608, 0.3607843137254902, 0.26666666666666666]], "pick": [0.803921568627451, 0.3254901960784314, 0.16862745098039217]}, {"encounter": 4, "time": "20220520-152213", "resolvers": [[0.13333333333333333, 0.15294117647058825, 0.10588235294117647], [0.0, 0.00392156862745098, 0.0], [0.1411764705882353, 0.7568627450980392, 0.0], [1.0, 0.4392156862745098, 0.023529411764705882], [0.00392156862745098, 0.615686274509804, 1.0], [0.9803921568627451, 0.6980392156862745, 0.0], [0.36470588235294116, 1.0, 0.19607843137254902], [0.5803921568627451, 0.2784313725490196, 0.13333333333333333], [0.788235294117647, 0.8235294117647058, 0.8352941176470589], [1.0, 1.0, 0.984313725490196], [0.8392156862745098, 0.3568627450980392, 0.2627450980392157]], "pick": [0.803921568627451, 0.3254901960784314, 0.16862745098039217]}, {"encounter": 5, "time": "20220520-152311", "resolvers": [[0.07058823529411765, 0.2196078431372549, 0.26666666666666666], [0.07058823529411765, 0.03137254901960784, 0.0], [0.0, 0.0, 0.0], [1.0, 0.4392156862745098, 0.023529411764705882], [0.00392156862745098, 0.615686274509804, 1.0], [1.0, 0.8117647058823529, 0.0], [0.3058823529411765, 0.8980392156862745, 0.17647058823529413], [0.4470588235294118, 0.26666666666666666, 0.27450980392156865], [1.0, 0.6549019607843137, 0.4470588235294118], [0.0, 0.0, 0.0], [0.7490196078431373, 0.29411764705882354, 0.20784313725490197]], "pick": [0.803921568627451, 0.3254901960784314, 0.16862745098039217]}, {"encounter": 6, "time": "20220520-152409", "resolvers": [[0.2, 0.22745098039215686, 0.1411764705882353], [0.17254901960784313, 0.09019607843137255, 0.0], [0.0, 0.0, 0.0], [1.0, 0.4392156862745098, 0.023529411764705882], [0.00392156862745098, 0.615686274509804, 1.0], [1.0, 0.8352941176470589, 0.0], [0.25098039215686274, 0.7529411764705882, 0.12941176470588237], [0.20784313725490197, 0.2196078431372549, 0.2901960784313726], [0.7803921568627451, 0.8274509803921568, 0.8235294117647058], [0.0, 0.0, 0.0], [0.5411764705882353, 0.5490196078431373, 0.5725490196078431]], "pick": [0.792156862745098, 0.3137254901960784, 0.16470588235294117]}, {"encounter": 7, "time": "20220520-152507", "resolvers": [[0.11372549019607843, 0.13725490196078433, 0.08627450980392157], [0.19215686274509805, 0.10196078431372549, 0.00784313725490196], [0.0, 0.0, 0.0], [1.0, 0.4392156862745098, 0.023529411764705882], [0.00392156862745098, 0.615686274509804, 1.0], [0.9803921568627451, 0.6980392156862745, 0.0], [0.2784313725490196, 0.8235294117647058, 0.1450980392156863], [0.22745098039215686, 0.23921568627450981, 0.30980392156862746], [0.9882352941176471, 0.6392156862745098, 0.44313725490196076], [1.0, 1.0, 1.0], [0.7372549019607844, 0.2901960784313726, 0.21176470588235294]], "pick": [0.796078431372549, 0.3215686274509804, 0.1607843137254902]}, {"encounter": 8, "time": "20220520-152604", "resolvers": [[0.08627450980392157, 0.28627450980392155, 0.33725490196078434], [0.20392156862745098, 0.6, 0.6705882352941176], [0.0, 0.0, 0.0], [1.0, 0.4392156862745098, 0.023529411764705882], [0.00392156862745098, 0.615686274509804, 1.0], [1.0, 0.8352941176470589, 0.0], [0.2549019607843137, 0.7490196078431373, 0.12549019607843137], [0.22745098039215686, 0.22745098039215686, 0.2980392156862745], [1.0, 1.0, 1.0], [0.6392156862745098, 0.3568627450980392, 0.1607843137254902], [0.7686274509803922, 0.3058823529411765, 0.2235294117647059]], "pick": [0.803921568627451, 0.3254901960784314, 0.16862745098039217]}, {"encounter": 9, "time": "20220520-152704", "resolvers": [[0.12549019607843137, 0.15294117647058825, 0.08235294117647059], [0.3568627450980392, 0.1843137254901961, 0.011764705882352941], [0.0, 0.0, 0.0], [1.0, 0.4392156862745098, 0.023529411764705882], [0.00392156862745098, 0.615686274509804, 1.0], [1.0, 0.807843137254902, 0.0], [0.3137254901960784, 0.9686274509803922, 0.16862745098039217], [0.19215686274509805, 0.2, 0.2980392156862745], [0.9098039215686274, 0.596078431372549, 0.4], [1.0, 1.0, 1.0], [0.8431372549019608, 0.3607843137254902, 0.26666666666666666]], "pick": [0.796078431372549, 0.3215686274509804, 0.1607843137254902]}, {"encounter": 10, "time": "20220520-152800", "resolvers": [[0.06666666666666667, 0.18823529411764706, 0.23137254901960785], [0.4392156862745098, 0.23921568627450981, 0.00784313725490196], [0.0, 0.0, 0.0], [1.0, 0.4392156862745098, 0.023529411764705882], [0.00392156862745098, 0.615686274509804, 1.0], [1.0, 0.7764705882352941, 0.0], [0.2980392156862745, 0.8862745098039215, 0.15294117647058825], [0.19215686274509805, 0.2, 0.2784313725490196], [0.7764705882352941, 0.8117647058823529, 0.8196078431372549], [0.0, 0.0, 0.0], [0.8431372549019608, 0.3607843137254902, 0.26666666666666666]],